p,q(p)
0.0,1.0
0.0005,0.16934021661508192
0.001,0.16978702331515338
0.0015,0.17023376466952506
0.002,0.17068043666471566
0.0025,0.17112703527276718
0.003,0.17157355645125347
0.0035,0.17201999614328944
0.004,0.17246635027753976
0.0045000000000000005,0.1729126147682307
0.005,0.17335878551516185
0.0055,0.17380485840371956
0.006,0.174250829304891
0.006500000000000001,0.17469669407528013
0.007,0.17514244855712377
0.0075,0.1755880885783106
0.008,0.1760336099523999
0.0085,0.1764790084786419
0.009000000000000001,0.17692427994200022
0.0095,0.17736942011317525
0.01,0.1778144247486277
0.0105,0.17825928959060647
0.011,0.17870401036717432
0.0115,0.17914858279223775
0.012,0.17959300256557734
0.0125,0.18003726537287906
0.013000000000000001,0.18048136688576855
0.0135,0.18092530276184518
0.014,0.18136906864471913
0.0145,0.18181266016404912
0.015,0.18225607293558208
0.0155,0.182699302561195
0.016,0.18314234462893708
0.0165,0.18358519471307466
0.017,0.18402784837413788
0.0175,0.18447030115896834
0.018000000000000002,0.18491254860076867
0.0185,0.1853545862191544
0.019,0.18579640952020676
0.0195,0.18623801399652834
0.02,0.18667939512729942
0.0205,0.18712054837833647
0.021,0.18756146920215316
0.021500000000000002,0.1880021530380223
0.022,0.18844259531203988
0.0225,0.18888279143719167
0.023,0.1893227368134208
0.0235,0.18976242682769712
0.024,0.19020185685409013
0.0245,0.190641022253842
0.025,0.19107991837544275
0.025500000000000002,0.19151854055470918
0.026000000000000002,0.19195688411486284
0.0265,0.19239494436661314
0.027,0.19283271660823953
0.0275,0.1932701961256783
0.028,0.19370737819260894
0.0285,0.1941442580705448
0.029,0.1945808310089238
0.029500000000000002,0.19501709224520258
0.03,0.1954530370049522
0.0305,0.1958886605019553
0.031,0.19632395793830693
0.0315,0.1967589245045152
0.032,0.1971935553796058
0.0325,0.197627845731228
0.033,0.19806179071576258
0.0335,0.19849538547843165
0.034,0.19892862515341156
0.0345,0.19936150486394608
0.035,0.19979401972246408
0.035500000000000004,0.20022616483069666
0.036000000000000004,0.2006579352797982
0.0365,0.20108932615046965
0.037,0.20152033251308155
0.0375,0.20195094942780253
0.038,0.20238117194472677
0.0385,0.20281099510400571
0.039,0.20324041393598036
0.0395,0.20366942346131733
0.04,0.2040980186911444
0.0405,0.20452619462719135
0.041,0.20495394626192942
0.0415,0.2053812685787161
0.042,0.2058081565519393
0.0425,0.20623460514716524
0.043000000000000003,0.2066606093212871
0.043500000000000004,0.20708616402267752
0.044,0.20751126419134058
0.0445,0.20793590475906804
0.045,0.20836008064959627
0.0455,0.20878378677876566
0.046,0.20920701805468167
0.0465,0.20962976937787797
0.047,0.2100520356414824
0.0475,0.21047381173138274
0.048,0.21089509252639643
0.0485,0.21131587289844167
0.049,0.21173614771270943
0.0495,0.21215591182783858
0.05,0.21257516009609206
0.0505,0.2129938873635358
0.051000000000000004,0.21341208847021792
0.051500000000000004,0.21382975825035128
0.052000000000000005,0.2142468915324971
0.0525,0.21466348313975056
0.053,0.2150795278899274
0.0535,0.2154950205957541
0.054,0.21590995606505714
0.0545,0.2163243291009564
0.055,0.21673813450205887
0.0555,0.21715136706265448
0.056,0.21756402157291294
0.0565,0.2179760928190835
0.057,0.21838757558369468
0.0575,0.21879846464575708
0.058,0.21920875478096616
0.0585,0.2196184407619084
0.059000000000000004,0.2200275173582673
0.059500000000000004,0.22043597933703168
0.06,0.22084382146270512
0.0605,0.22125103849751734
0.061,0.22165762520163607
0.0615,0.22206357633338158
0.062,0.2224688866494407
0.0625,0.22287355090508468
0.063,0.22327756385438544
0.0635,0.22368092025043598
0.064,0.2240836148455696
0.0645,0.22448564239158192
0.065,0.2248869976399533
0.0655,0.22528767534207272
0.066,0.225687670249463
0.0665,0.2260869771140066
0.067,0.2264855906881726
0.0675,0.2268835057252454
0.068,0.22728071697955354
0.0685,0.22767721920669975
0.069,0.2280730071637928
0.0695,0.22846807560967886
0.07,0.22886241930517487
0.07050000000000001,0.22925603301330238
0.07100000000000001,0.22964891149952227
0.07150000000000001,0.23004104953196972
0.07200000000000001,0.23043244188169165
0.0725,0.2308230833228828
0.073,0.23121296863312346
0.0735,0.2316020925936189
0.074,0.23199044998943735
0.0745,0.23237803560975034
0.075,0.23276484424807325
0.0755,0.23315087070250493
0.076,0.2335361097759712
0.0765,0.23392055627646471
0.077,0.23430420501728869
0.0775,0.2346870508172992
0.078,0.23506908850114866
0.0785,0.23545031289952867
0.079,0.23583071884941542
0.0795,0.2362103011943123
0.08,0.23658905478449538
0.0805,0.2369669744772583
0.081,0.2373440551371566
0.0815,0.2377202916362533
0.082,0.23809567885436445
0.0825,0.2384702116793034
0.083,0.238843885007128
0.0835,0.23921669374238508
0.084,0.23958863279835593
0.0845,0.2399596970973023
0.085,0.24032988157071236
0.0855,0.24069918115954506
0.08600000000000001,0.24106759081447615
0.08650000000000001,0.241435105496143
0.08700000000000001,0.24180172017539073
0.08750000000000001,0.2421674298335155
0.088,0.2425322294625098
0.0885,0.24289611406530756
0.089,0.24325907865602658
0.0895,0.2436211182602137
0.09,0.24398222791508756
0.0905,0.24434240266978116
0.091,0.24470163758558544
0.0915,0.24505992773619048
0.092,0.2454172682079273
0.0925,0.24577365410000995
0.093,0.2461290805247739
0.0935,0.24648354260791897
0.094,0.24683703548874575
0.0945,0.24718955432039696
0.095,0.24754109427009377
0.0955,0.24789165051937423
0.096,0.24824121826432965
0.0965,0.24858979271584059
0.097,0.24893736909981184
0.0975,0.24928394265740714
0.098,0.24962950864528316
0.0985,0.24997406233582103
0.099,0.25031759901735967
0.0995,0.2506601139944253
0.1,0.2510016025879621
0.1005,0.2513420601355617
0.101,0.2516814819916904
0.1015,0.2520198635279164
0.10200000000000001,0.2523572001331359
0.10250000000000001,0.252693487213798
0.10300000000000001,0.25302872019412853
0.10350000000000001,0.25336289451635274
0.10400000000000001,0.25369600564091643
0.1045,0.254028049046707
0.105,0.2543590202312718
0.1055,0.25468891471103716
0.106,0.25501772802152395
0.1065,0.2553454557175638
0.107,0.25567209337351293
0.1075,0.25599763658346486
0.108,0.25632208096146264
0.1085,0.2566454221417081
0.109,0.2569676557787709
0.1095,0.2572887775477961
0.11,0.2576087831447104
0.1105,0.25792766828642544
0.111,0.25824542871104195
0.1115,0.25856206017805144
0.112,0.25887755846853505
0.1125,0.25919191938536323
0.113,0.2595051387533921
0.1135,0.259817212419659
0.114,0.2601281362535764
0.1145,0.26043790614712437
0.115,0.2607465180150407
0.1155,0.26105396779500956
0.116,0.2613602514478501
0.1165,0.2616653649577011
0.117,0.2619693043322051
0.11750000000000001,0.2622720656026905
0.11800000000000001,0.2625736448243527
0.11850000000000001,0.26287403807643217
0.11900000000000001,0.26317324146239185
0.11950000000000001,0.26347125111009284
0.12,0.26376806317196677
0.1205,0.26406367382518864
0.121,0.2643580792718464
0.1215,0.2646512757391083
0.122,0.26494325947939024
0.1225,0.2652340267705192
0.123,0.2655235739158963
0.1235,0.2658118972446576
0.124,0.2660989931118318
0.1245,0.26638485789849853
0.125,0.2666694880119421
0.1255,0.26695287988580546
0.126,0.2672350299802405
0.1265,0.26751593478205754
0.127,0.2677955908048726
0.1275,0.26807399458925246
0.128,0.2683511427028582
0.1285,0.2686270317405861
0.129,0.26890165832470714
0.1295,0.2691750191050041
0.13,0.26944711075890715
0.1305,0.26971792999162736
0.131,0.26998747353628655
0.1315,0.2702557381540486
0.132,0.2705227206342449
0.1325,0.27078841779450036
0.133,0.27105282648085655
0.1335,0.2713159435678922
0.134,0.27157776595884275
0.1345,0.2718382905857172
0.135,0.2720975144094121
0.1355,0.27235543441982607
0.136,0.2726120476359691
0.1365,0.2728673511060714
0.137,0.2731213419076906
0.1375,0.27337401714781545
0.138,0.27362537396296893
0.1385,0.273875409519308
0.139,0.2741241210127218
0.1395,0.2743715056689283
0.14,0.27461756074356786
0.1405,0.274862283522295
0.14100000000000001,0.2751056713208687
0.14150000000000001,0.27534772148523967
0.14200000000000002,0.27558843139163625
0.14250000000000002,0.2758277984466477
0.14300000000000002,0.2760658200873057
0.14350000000000002,0.2763024937811638
0.14400000000000002,0.2765378170263746
0.1445,0.27677178735176416
0.145,0.27700440231690665
0.1455,0.2772356595121931
0.146,0.2774655565589018
0.1465,0.277694091109265
0.147,0.27792126084653235
0.1475,0.2781470634850348
0.148,0.27837149677024436
0.1485,0.278594558478832
0.149,0.27881624641872543
0.1495,0.27903655842916175
0.15,0.2792554923807409
0.1505,0.2794730461754744
0.151,0.27968921774683475
0.1515,0.2799040050598006
0.152,0.28011740611090064
0.1525,0.28032941892825547
0.153,0.2805400415716184
0.1535,0.28074927213241113
0.154,0.280957108733762
0.1545,0.2811635495305377
0.155,0.281368592709376
0.1555,0.2815722364887152
0.156,0.2817744791188215
0.1565,0.28197531888181515
0.157,0.282174754091694
0.1575,0.2823727830943545
0.158,0.2825694042676126
0.1585,0.28276461602122027
0.159,0.2829584167968826
0.1595,0.28315080506827
0.16,0.2833417793410312
0.1605,0.2835313381528029
0.161,0.2837194800732173
0.1615,0.28390620370390895
0.162,0.28409150767851815
0.1625,0.28427539066269353
0.163,0.2844578513540923
0.1635,0.2846388884823785
0.164,0.2848185008092195
0.1645,0.2849966871282817
0.165,0.2851734462652215
0.1655,0.2853487770776779
0.166,0.2855226784552608
0.1665,0.28569514931953816
0.167,0.28586618862402235
0.1675,0.28603579535415263
0.168,0.28620396852727814
0.1685,0.2863707071926365
0.169,0.28653601043133414
0.1695,0.28669987735632063
0.17,0.28686230711236504
0.1705,0.2870232988760277
0.171,0.2871828518556332
0.1715,0.2873409652912371
0.17200000000000001,0.2874976384545973
0.17250000000000001,0.2876528706491371
0.17300000000000001,0.2878066612099111
0.17350000000000002,0.28795900950356806
0.17400000000000002,0.2881099149283113
0.17450000000000002,0.2882593769138586
0.17500000000000002,0.28840739492139944
0.17550000000000002,0.2885539684435523
0.176,0.2886990970043176
0.1765,0.2888427801590319
0.177,0.28898501749431904
0.1775,0.2891258086280392
0.178,0.28926515320923785
0.1785,0.28940305091809165
0.179,0.28953950146585417
0.1795,0.2896745045947993
0.18,0.2898080600781633
0.1805,0.2899401677200844
0.181,0.2900708273555439
0.1815,0.2902000388503012
0.182,0.29032780210083253
0.1825,0.29045411703426205
0.183,0.29057898360829976
0.1835,0.2907024018111686
0.184,0.29082437166153813
0.1845,0.29094489320845157
0.185,0.291063966531254
0.1855,0.29118159173951896
0.186,0.29129776897297266
0.1865,0.29141249840141736
0.187,0.2915257802246544
0.1875,0.2916376146724041
0.188,0.29174800200422524
0.1885,0.29185694250943406
0.189,0.2919644365070211
0.1895,0.29207048434556565
0.19,0.29217508640315193
0.1905,0.2922782430872808
0.191,0.29237995483478263
0.1915,0.29248022211172753
0.192,0.2925790454133358
0.1925,0.2926764252638844
0.193,0.2927723622166163
0.1935,0.29286685685364516
0.194,0.2929599097858606
0.1945,0.29305152165283244
0.195,0.29314169312271215
0.1955,0.29323042489213547
0.196,0.29331771768612286
0.1965,0.2934035722579777
0.197,0.2934879893891864
0.1975,0.2935709698893141
0.198,0.2936525145959018
0.1985,0.29373262437436126
0.199,0.2938113001178691
0.1995,0.2938885427472604
0.2,0.2939643532109209
0.2005,0.2940387324846777
0.201,0.29411168157169
0.2015,0.2941832015023391
0.202,0.29425329333411554
0.2025,0.2943219581515077
0.203,0.29438919706588823
0.20350000000000001,0.2944550112153992
0.20400000000000001,0.29451940176483826
0.20450000000000002,0.2945823699055417
0.20500000000000002,0.2946439168552673
0.20550000000000002,0.294704043858078
0.20600000000000002,0.29476275218422265
0.20650000000000002,0.2948200431300165
0.20700000000000002,0.29487591801772206
0.20750000000000002,0.2949303781954275
0.20800000000000002,0.29498342503692476
0.2085,0.29503505994158896
0.209,0.2950852843342532
0.2095,0.29513409966508647
0.21,0.29518150740946736
0.2105,0.29522750906786144
0.211,0.2952721061656923
0.2115,0.2953153002532177
0.212,0.29535709290540074
0.2125,0.2953974857217821
0.213,0.29543648032635295
0.2135,0.29547407836742356
0.214,0.2955102815174957
0.2145,0.29554509147313124
0.215,0.29557850995482077
0.2155,0.29561053870685405
0.216,0.2956411794971854
0.2165,0.2956704341173034
0.217,0.29569830438209666
0.2175,0.2957247921297197
0.218,0.29574989922146
0.2185,0.29577362754160313
0.219,0.29579597899729654
0.2195,0.2958169555184155
0.22,0.2958365590574257
0.2205,0.29585479158924755
0.221,0.2958716551111192
0.2215,0.2958871516424589
0.222,0.2959012832247269
0.2225,0.29591405192128867
0.223,0.29592545981727436
0.2235,0.2959355090194414
0.224,0.29594420165603463
0.2245,0.2959515398766464
0.225,0.29595752585207713
0.2255,0.29596216177419427
0.226,0.2959654498557922
0.2265,0.29596739233045144
0.227,0.29596799145239616
0.2275,0.2959672494963541
0.228,0.2959651687574141
0.2285,0.29596175155088356
0.229,0.295957000212147
0.2295,0.29595091709652277
0.23,0.29594350457912
0.2305,0.2959347650546966
0.231,0.2959247009375152
0.2315,0.29591331466119947
0.232,0.29590060867859097
0.2325,0.29588658546160534
0.233,0.29587124750108784
0.2335,0.2958545973066693
0.234,0.29583663740662236
0.23450000000000001,0.29581737034771616
0.23500000000000001,0.295796798695072
0.23550000000000001,0.2957749250320192
0.23600000000000002,0.2957517519599493
0.23650000000000002,0.29572728209817195
0.23700000000000002,0.29570151808376943
0.23750000000000002,0.2956744625714517
0.23800000000000002,0.29564611823341136
0.23850000000000002,0.29561648775917787
0.23900000000000002,0.29558557385547296
0.23950000000000002,0.29555337924606473
0.24,0.29551990667162265
0.2405,0.29548515888957205
0.241,0.29544913867394834
0.2415,0.29541184881525234
0.242,0.29537329212030394
0.2425,0.2953334714120976
0.243,0.2952923895296566
0.2435,0.2952500493278866
0.244,0.29520645367743265
0.2445,0.29516160546453163
0.245,0.295115507590868
0.2455,0.29506816297342897
0.246,0.2950195745443587
0.2465,0.29496974525081354
0.247,0.294918678054817
0.2475,0.2948663759331154
0.248,0.2948128418770323
0.2485,0.29475807889232425
0.249,0.2947020899990366
0.2495,0.29464487823135876
0.25,0.2945864466374799
0.2505,0.29452679827944483
0.251,0.29446593623301026
0.2515,0.29440386358750087
0.252,0.2943405834456657
0.2525,0.2942760989235343
0.253,0.2942104131502743
0.2535,0.2941435292680472
0.254,0.29407545043186606
0.2545,0.294006179809453
0.255,0.29393572058109607
0.2555,0.2938640759395075
0.256,0.29379124908968113
0.2565,0.2937172432487509
0.257,0.2936420616458492
0.2575,0.29356570752196537
0.258,0.2934881841298042
0.2585,0.29340949473364586
0.259,0.2933296426092049
0.2595,0.2932486310434894
0.26,0.29316646333466134
0.2605,0.2930831427918975
0.261,0.2929986727352484
0.2615,0.29291305649549965
0.262,0.2928262974140341
0.2625,0.29273839884269154
0.263,0.29264936414363124
0.2635,0.29255919668919406
0.264,0.29246789986176414
0.2645,0.2923754770536323
0.265,0.29228193166685823
0.2655,0.2921872671131338
0.266,0.29209148681364755
0.2665,0.29199459419894797
0.267,0.2918965927088076
0.2675,0.2917974857920884
0.268,0.2916972769066061
0.2685,0.29159596951899613
0.269,0.2914935671045793
0.2695,0.29139007314722776
0.27,0.29128549113923136
0.2705,0.2911798245811651
0.271,0.29107307698175616
0.2715,0.2909652518577514
0.272,0.29085635273378563
0.2725,0.2907463831422506
0.273,0.29063534662316315
0.2735,0.2905232467240345
0.274,0.29041008699974075
0.2745,0.2902958710123925
0.275,0.2901806023312057
0.2755,0.29006428453237193
0.276,0.2899469211989312
0.2765,0.28982851592064257
0.277,0.28970907229385723
0.2775,0.2895885939213907
0.278,0.2894670844123962
0.2785,0.28934454738223947
0.279,0.28922098645237065
0.2795,0.2890964052502009
0.28,0.2889708074089765
0.2805,0.2888441965676541
0.281,0.2887165763707776
0.28150000000000003,0.28858795046835395
0.28200000000000003,0.2884583225157302
0.28250000000000003,0.288327696173471
0.28300000000000003,0.2881960751072365
0.28350000000000003,0.28806346298766045
0.28400000000000003,0.2879298634902293
0.28450000000000003,0.28779528029516227
0.28500000000000003,0.28765971708728955
0.28550000000000003,0.2875231775559337
0.28600000000000003,0.2873856653947909
0.28650000000000003,0.2872471843018112
0.28700000000000003,0.2871077379790814
0.28750000000000003,0.28696733013270653
0.28800000000000003,0.28682596447269354
0.2885,0.2866836447128338
0.289,0.286540374570588
0.2895,0.28639615776696986
0.29,0.2862509980264313
0.2905,0.2861048990767472
0.291,0.28595786464890355
0.2915,0.28580989847698096
0.292,0.285661004298044
0.2925,0.28551118585202784
0.293,0.2853604468816263
0.2935,0.28520879113218095
0.294,0.2850562223515697
0.2945,0.28490274429009715
0.295,0.2847483607003843
0.2955,0.28459307533725964
0.296,0.28443689195765054
0.2965,0.28427981432047444
0.297,0.28412184618653274
0.2975,0.2839629913184022
0.298,0.28380325348032964
0.2985,0.28364263643812504
0.299,0.2834811439590571
0.2995,0.2833187798117478
0.3,0.28315554776606866
0.3005,0.28299145159303646
0.301,0.28282649506471025
0.3015,0.2826606819540894
0.302,0.2824940160350105
0.3025,0.28232650108204727
0.303,0.282158140870408
0.3035,0.2819889391758368
0.304,0.2818188997745126
0.3045,0.281648026442951
0.305,0.2814763229579047
0.3055,0.2813037930962663
0.306,0.28113044063496995
0.3065,0.280956269350895
0.307,0.2807812830207694
0.3075,0.2806054854210742
0.308,0.2804288803279479
0.3085,0.28025147151709184
0.309,0.28007326276367683
0.3095,0.27989425784224864
0.31,0.2797144605266357
0.3105,0.27953387458985623
0.311,0.27935250380402754
0.3115,0.2791703519402736
0.312,0.27898742276863475
0.3125,0.27880372005797815
0.313,0.27861924757590745
0.3135,0.27843400908867494
0.314,0.2782480083610921
0.3145,0.27806124915644237
0.315,0.2778737352363942
0.3155,0.27768547036091384
0.316,0.27749645828818015
0.3165,0.27730670277449804
0.317,0.2771162075742145
0.3175,0.27692497643963376
0.318,0.2767330131209341
0.3185,0.27654032136608375
0.319,0.27634690492075925
0.3195,0.2761527675282631
0.32,0.27595791292944216
0.3205,0.27576234486260687
0.321,0.275566067063451
0.3215,0.2753690832649722
0.322,0.275171397197392
0.3225,0.2749730125880784
0.323,0.2747739331614668
0.3235,0.2745741626389834
0.324,0.2743737047389677
0.3245,0.27417256317659666
0.325,0.27397074166380875
0.3255,0.27376824390922905
0.326,0.2735650736180938
0.3265,0.27336123449217775
0.327,0.27315673022971987
0.3275,0.27295156452535024
0.328,0.2727457410700186
0.3285,0.2725392635509215
0.329,0.27233213565143227
0.3295,0.2721243610510296
0.33,0.27191594342522757
0.3305,0.2717068864455062
0.331,0.27149719377924303
0.3315,0.2712868690896441
0.332,0.2710759160356759
0.3325,0.27086433827199896
0.333,0.2706521394489008
0.3335,0.2704393232122292
0.334,0.27022589320332774
0.3345,0.27001185305896924
0.335,0.2697972064112927
0.3355,0.26958195688773895
0.336,0.2693661081109864
0.3365,0.2691496636988895
0.337,0.2689326272644156
0.3375,0.2687150024155833
0.338,0.2684967927554017
0.3385,0.26827800188180906
0.339,0.2680586333876132
0.3395,0.26783869086043194
0.34,0.2676181778826337
0.3405,0.267397098031279
0.341,0.2671754548780634
0.3415,0.26695325198925857
0.342,0.26673049292565676
0.3425,0.26650718124251355
0.343,0.26628332048949277
0.3435,0.2660589142106105
0.34400000000000003,0.26583396594418107
0.34450000000000003,0.26560847922276176
0.34500000000000003,0.2653824575731003
0.34550000000000003,0.26515590451608095
0.34600000000000003,0.2649288235666719
0.34650000000000003,0.2647012182338734
0.34700000000000003,0.26447309202066577
0.34750000000000003,0.26424444842395883
0.34800000000000003,0.2640152909345409
0.34850000000000003,0.26378562303702896
0.34900000000000003,0.2635554482098187
0.34950000000000003,0.26332476992503623
0.35000000000000003,0.2630935916484886
0.35050000000000003,0.2628619168396166
0.35100000000000003,0.2626297489514469
0.35150000000000003,0.2623970914305451
0.352,0.262163947716969
0.3525,0.2619303212442231
0.353,0.2616962154392124
0.3535,0.2614616337221985
0.354,0.2612265795067537
0.3545,0.26099105619971796
0.355,0.2607550672011553
0.3555,0.26051861590431025
0.356,0.2602817056955659
0.3565,0.2600443399544017
0.357,0.2598065220533515
0.3575,0.2595682553579628
0.358,0.2593295432267568
0.3585,0.25909038901118675
0.359,0.25885079605559974
0.3595,0.2586107676971968
0.36,0.25837030726599486
0.3605,0.25812941808478734
0.361,0.2578881034691079
0.3615,0.2576463667271919
0.362,0.25740421115994083
0.3625,0.2571616400608845
0.363,0.2569186567161462
0.3635,0.2566752644044079
0.364,0.2564314663968732
0.3645,0.25618726595723507
0.365,0.2559426663416403
0.3655,0.25569767079865646
0.366,0.25545228256923924
0.3665,0.2552065048866988
0.367,0.2549603409766684
0.3675,0.2547137940570721
0.368,0.2544668673380934
0.3685,0.25421956402214485
0.369,0.2539718873038371
0.3695,0.25372384036994866
0.37,0.25347542639939735
0.3705,0.2532266485632102
0.371,0.25297751002449453
0.3715,0.2527280139384108
0.372,0.25247816345214374
0.3725,0.25222796170487527
0.373,0.2519774118277574
0.3735,0.25172651694388587
0.374,0.2514752801682736
0.3745,0.2512237046078253
0.375,0.2509717933613117
0.3755,0.25071954951934483
0.376,0.2504669761643542
0.3765,0.2502140763705609
0.377,0.24996085320395622
0.3775,0.24970730972227617
0.378,0.24945344897498029
0.3785,0.24919927400322772
0.379,0.2489447878398565
0.3795,0.24868999350936066
0.38,0.24843489402786997
0.3805,0.24817949240312773
0.381,0.24792379163447148
0.3815,0.24766779471281264
0.382,0.24741150462061573
0.3825,0.24715492433188047
0.383,0.24689805681212176
0.3835,0.24664090501835145
0.384,0.24638347189906018
0.3845,0.24612576039419898
0.385,0.2458677734351627
0.3855,0.24560951394477243
0.386,0.24535098483725837
0.3865,0.24509218901824414
0.387,0.24483312938473012
0.3875,0.2445738088250784
0.388,0.24431423021899715
0.3885,0.24405439643752597
0.389,0.24379431034302046
0.3895,0.24353397478913943
0.39,0.24327339262082986
0.3905,0.24301256667431367
0.391,0.2427514997770749
0.3915,0.24249019474784628
0.392,0.2422286543965978
0.3925,0.241966881524523
0.393,0.24170487892402837
0.3935,0.24144264937872198
0.394,0.24118019566340115
0.3945,0.24091752054404292
0.395,0.2406546267777928
0.3955,0.24039151711295534
0.396,0.2401281942889833
0.3965,0.2398646610364693
0.397,0.23960092007713552
0.3975,0.23933697412382587
0.398,0.239072825880497
0.3985,0.23880847804221011
0.399,0.23854393329512244
0.3995,0.23827919431648115
0.4,0.23801426377461493
0.4005,0.237749144328927
0.401,0.23748383862988898
0.4015,0.23721834931903407
0.402,0.23695267902895184
0.4025,0.2366868303832808
0.403,0.23642080599670479
0.4035,0.23615460847494674
0.404,0.23588824041476392
0.4045,0.23562170440394375
0.405,0.23535500302129903
0.4055,0.23508813883666388
0.406,0.2348211144108911
0.40650000000000003,0.23455393229584715
0.40700000000000003,0.23428659503441016
0.40750000000000003,0.23401910516046615
0.40800000000000003,0.23375146519890744
0.40850000000000003,0.23348367766562977
0.40900000000000003,0.2332157450675299
0.40950000000000003,0.23294766990250443
0.41000000000000003,0.23267945465944784
0.41050000000000003,0.23241110181825195
0.41100000000000003,0.23214261384980395
0.41150000000000003,0.23187399321598628
0.41200000000000003,0.23160524236967603
0.41250000000000003,0.23133636375474503
0.41300000000000003,0.2310673598060591
0.41350000000000003,0.23079823294947938
0.41400000000000003,0.23052898560186227
0.41450000000000004,0.23025962017106005
0.41500000000000004,0.2299901390559228
0.41550000000000004,0.2297205446462987
0.41600000000000004,0.2294508393230362
0.4165,0.2291810254579857
0.417,0.22891110541400178
0.4175,0.22864108154494472
0.418,0.228370956195684
0.4185,0.22810073170210032
0.419,0.22783041039108914
0.4195,0.22755999458056325
0.42,0.22728948657945666
0.4205,0.22701888868772854
0.421,0.2267482031963663
0.4215,0.22647743238739027
0.422,0.22620657853385817
0.4225,0.22593564389986923
0.423,0.22566463074056936
0.4235,0.2253935413021555
0.424,0.22512237782188188
0.4245,0.22485114252806465
0.425,0.22457983764008765
0.4255,0.22430846536840804
0.426,0.2240370279145638
0.4265,0.2237655274711771
0.427,0.22349396622196427
0.4275,0.22322234634173915
0.428,0.22295066999642266
0.4285,0.2226789393430479
0.429,0.2224071565297686
0.4295,0.22213532369586614
0.43,0.22186344297175722
0.4305,0.22159151647900138
0.431,0.2213195463303098
0.4315,0.22104753462955268
0.432,0.2207754834717684
0.4325,0.2205033949431714
0.433,0.22023127112116125
0.4335,0.21995911407433166
0.434,0.21968692586247995
0.4345,0.21941470853661532
0.435,0.21914246413896937
0.4355,0.218870194703005
0.436,0.218597902253427
0.4365,0.2183255888061911
0.437,0.21805325636851527
0.4375,0.21778090693888869
0.438,0.21750854250708346
0.4385,0.21723616505416504
0.439,0.21696377655250182
0.4395,0.21669137896577792
0.44,0.21641897424900342
0.4405,0.2161465643485253
0.441,0.21587415120203968
0.4415,0.21560173673860283
0.442,0.2153293228786433
0.4425,0.21505691153397352
0.443,0.21478450460780246
0.4435,0.21451210399474682
0.444,0.2142397115808441
0.4445,0.21396732924356537
0.445,0.213694958851827
0.4455,0.21342260226600396
0.446,0.2131502613379429
0.4465,0.21287793791097515
0.447,0.2126056338199295
0.4475,0.21233335089114558
0.448,0.21206109094248815
0.4485,0.21178885578335963
0.449,0.21151664721471441
0.4495,0.21124446702907262
0.45,0.21097231701053387
0.4505,0.21070019893479183
0.451,0.21042811456914823
0.4515,0.21015606567252665
0.452,0.20988405399548804
0.4525,0.2096120812802445
0.453,0.20934014926067457
0.4535,0.20906825966233744
0.454,0.20879641420248857
0.4545,0.20852461459009392
0.455,0.2082528625258465
0.4555,0.2079811597021798
0.456,0.20770950780328473
0.4565,0.20743790850512484
0.457,0.20716636347545075
0.4575,0.20689487437381787
0.458,0.2066234428516001
0.4585,0.20635207055200772
0.459,0.20608075911010199
0.4595,0.20580951015281174
0.46,0.2055383252989501
0.4605,0.2052672061592301
0.461,0.20499615433628154
0.4615,0.20472517142466704
0.462,0.2044542590108992
0.4625,0.20418341867345718
0.463,0.20391265198280323
0.4635,0.20364196050139974
0.464,0.20337134578372665
0.4645,0.2031008093762976
0.465,0.20283035281767775
0.4655,0.20255997763850075
0.466,0.20228968536148667
0.4665,0.20201947750145827
0.467,0.2017493555653597
0.4675,0.20147932105227265
0.468,0.20120937545343576
0.4685,0.20093952025226125
0.46900000000000003,0.20066975692435243
0.46950000000000003,0.20040008693752231
0.47000000000000003,0.20013051175181154
0.47050000000000003,0.19986103281950557
0.47100000000000003,0.19959165158515413
0.47150000000000003,0.1993223694855879
0.47200000000000003,0.199053187949938
0.47250000000000003,0.1987841083996535
0.47300000000000003,0.1985151322485203
0.47350000000000003,0.19824626090267877
0.47400000000000003,0.19797749576064347
0.47450000000000003,0.1977088382133207
0.47500000000000003,0.19744028964402766
0.47550000000000003,0.1971718514285108
0.47600000000000003,0.1969035249349647
0.47650000000000003,0.1966353115240512
0.47700000000000004,0.19636721254891792
0.47750000000000004,0.19609922935521695
0.47800000000000004,0.1958313632811245
0.47850000000000004,0.1955636156573597
0.47900000000000004,0.19529598780720303
0.47950000000000004,0.19502848104651646
0.48,0.19476109668376212
0.4805,0.19449383602002174
0.481,0.19422670034901557
0.4815,0.19395969095712218
0.482,0.19369280912339765
0.4825,0.19342605611959512
0.483,0.1931594332101841
0.4835,0.1928929416523703
0.484,0.19262658269611482
0.4845,0.19236035758415393
0.485,0.1920942675520192
0.4855,0.19182831382805604
0.486,0.19156249763344502
0.4865,0.19129682018222027
0.487,0.19103128268129016
0.4875,0.1907658863304565
0.488,0.1905006323224352
0.4885,0.1902355218428755
0.489,0.18997055607038035
0.4895,0.18970573617652667
0.49,0.1894410633258839
0.4905,0.1891765386760364
0.491,0.1889121633776018
0.4915,0.18864793857425155
0.492,0.18838386540273122
0.4925,0.1881199449928808
0.493,0.18785617846765468
0.4935,0.18759256694314191
0.494,0.18732911152858628
0.4945,0.1870658133264071
0.495,0.1868026734322195
0.4955,0.18653969293485378
0.496,0.18627687291637723
0.4965,0.18601421445211322
0.497,0.1857517186106627
0.4975,0.1854893864539235
0.498,0.18522721903711176
0.4985,0.1849652174087817
0.499,0.1847033826108469
0.4995,0.18444171567859935
0.5,0.18418021764073192
0.5005000000000001,0.18391888951935673
0.501,0.1836577323300279
0.5015000000000001,0.18339674708176024
0.502,0.18313593477705087
0.5025000000000001,0.18287529641189942
0.503,0.1826148329758288
0.5035000000000001,0.1823545454519055
0.504,0.18209443481676046
0.5045000000000001,0.18183450204060964
0.505,0.18157474808727492
0.5055000000000001,0.18131517391420404
0.506,0.18105578047249193
0.5065000000000001,0.18079656870690108
0.507,0.18053753955588162
0.5075000000000001,0.18027869395159363
0.508,0.18002003281992573
0.5085000000000001,0.17976155708051736
0.509,0.17950326764677893
0.5095000000000001,0.17924516542591185
0.51,0.1789872513189299
0.5105000000000001,0.17872952622068033
0.511,0.17847199101986386
0.5115000000000001,0.17821464659905445
0.512,0.17795749383472256
0.5125,0.17770053359725335
0.513,0.17744376675096846
0.5135,0.17718719415414647
0.514,0.17693081665904403
0.5145,0.1766746351119156
0.515,0.1764186503530346
0.5155,0.17616286321671462
0.516,0.17590727453132918
0.5165,0.17565188511933288
0.517,0.1753966957972815
0.5175,0.1751417073758535
0.518,0.17488692065987005
0.5185,0.1746323364483156
0.519,0.17437795553435892
0.5195,0.17412377870537332
0.52,0.173869806742957
0.5205,0.17361604042295475
0.521,0.17336248051547684
0.5215,0.17310912778492127
0.522,0.1728559829899931
0.5225,0.17260304688372527
0.523,0.17235032021349966
0.5235,0.1720978037210668
0.524,0.17184549814256717
0.5245,0.17159340420855074
0.525,0.1713415226439981
0.5255,0.1710898541683409
0.526,0.17083839949548196
0.5265,0.17058715933381602
0.527,0.17033613438624956
0.5275,0.17008532535022197
0.528,0.16983473291772525
0.5285,0.16958435777532466
0.529,0.16933420060417909
0.5295,0.16908426208006108
0.53,0.16883454287337737
0.5305,0.16858504364918905
0.531,0.16833576506723166
0.5315,0.16808670778193624
0.532,0.16783787244244777
0.5325,0.16758925969264743
0.533,0.16734087017117094
0.5335,0.16709270451143032
0.534,0.16684476334163245
0.5345,0.16659704728480051
0.535,0.16634955695879303
0.5355,0.16610229297632434
0.536,0.1658552559449848
0.5365,0.16560844646726042
0.537,0.16536186514055298
0.5375,0.1651155125571997
0.538,0.16486938930449385
0.5385,0.164623495964704
0.539,0.16437783311509374
0.5395,0.16413240132794238
0.54,0.1638872011705637
0.5405,0.1636422332053264
0.541,0.16339749798967346
0.5415,0.16315299607614284
0.542,0.1629087280123852
0.5425,0.16266469434118574
0.543,0.16242089560048228
0.5435,0.16217733232338566
0.544,0.16193400503819882
0.5445,0.16169091426843696
0.545,0.16144806053284622
0.5455,0.161205444345424
0.546,0.1609630662154374
0.5465,0.16072092664744442
0.547,0.1604790261413106
0.5475,0.16023736519223106
0.548,0.1599959442907483
0.5485,0.15975476392277183
0.549,0.15951382456959728
0.5495,0.1592731267079263
0.55,0.15903267080988473
0.5505,0.15879245734304248
0.551,0.1585524867704322
0.5515,0.15831275955056887
0.552,0.1580732761374678
0.5525,0.15783403698066573
0.553,0.15759504252523682
0.5535,0.1573562932118146
0.554,0.1571177894766084
0.5545,0.15687953175142386
0.555,0.15664152046368107
0.5555,0.1564037560364337
0.556,0.15616623888838677
0.5565,0.1559289694339172
0.557,0.15569194808309045
0.5575,0.15545517524168057
0.558,0.15521865131118853
0.5585,0.1549823766888604
0.559,0.15474635176770593
0.5595,0.15451057693651749
0.56,0.15427505257988788
0.5605,0.1540397790782297
0.561,0.15380475680779226
0.5615,0.15356998614068174
0.562,0.15333546744487764
0.5625,0.15310120108425268
0.5630000000000001,0.15286718741858943
0.5635,0.15263342680359993
0.5640000000000001,0.1523999195909433
0.5645,0.15216666612824292
0.5650000000000001,0.15193366675910613
0.5655,0.15170092182314052
0.5660000000000001,0.15146843165597398
0.5665,0.15123619658927046
0.5670000000000001,0.15100421695074934
0.5675,0.15077249306420232
0.5680000000000001,0.15054102524951218
0.5685,0.15030981382266956
0.5690000000000001,0.15007885909579163
0.5695,0.14984816137713902
0.5700000000000001,0.1496177209711339
0.5705,0.1493875381783773
0.5710000000000001,0.14915761329566668
0.5715,0.14892794661601402
0.5720000000000001,0.1486985384286624
0.5725,0.14846938901910375
0.5730000000000001,0.148240498669097
0.5735,0.14801186765668373
0.5740000000000001,0.14778349625620757
0.5745,0.14755538473832966
0.5750000000000001,0.1473275333700465
0.5755,0.1470999424147078
0.5760000000000001,0.14687261213203268
0.5765,0.14664554277812686
0.577,0.1464187346054998
0.5775,0.14619218786308247
0.578,0.1459659027962431
0.5785,0.1457398796468046
0.579,0.14551411865306163
0.5795,0.14528862004979712
0.58,0.14506338406829863
0.5805,0.14483841093637662
0.581,0.144613700878379
0.5815,0.1443892541152094
0.582,0.1441650708643434
0.5825,0.14394115133984453
0.583,0.14371749575238066
0.5835,0.14349410430924214
0.584,0.14327097721435572
0.5845,0.14304811466830306
0.585,0.14282551686833567
0.5855,0.14260318400839195
0.586,0.1423811162791131
0.5865,0.14215931386785885
0.587,0.14193777695872525
0.5875,0.14171650573255876
0.588,0.14149550036697298
0.5885,0.14127476103636516
0.589,0.1410542879119322
0.5895,0.14083408116168533
0.59,0.14061414095046793
0.5905,0.1403944674399691
0.591,0.140175060788741
0.5915,0.13995592115221428
0.592,0.13973704868271375
0.5925,0.1395184435294733
0.593,0.13930010583865265
0.5935,0.13908203575335187
0.594,0.13886423341362775
0.5945,0.13864669895650839
0.595,0.13842943251600937
0.5955,0.1382124342231482
0.596,0.13799570420596102
0.5965,0.13777924258951638
0.597,0.13756304949593107
0.5975,0.1373471250443858
0.598,0.1371314693511393
0.5985,0.1369160825295444
0.599,0.1367009646900621
0.5995,0.13648611594027746
0.6,0.13627153638491396
0.6005,0.13605722612584853
0.601,0.1358431852621264
0.6015,0.13562941388997587
0.602,0.13541591210282317
0.6025,0.13520267999130736
0.603,0.13498971764329387
0.6035,0.1347770251438909
0.604,0.13456460257546254
0.6045,0.13435245001764362
0.605,0.1341405675473547
0.6055,0.13392895523881604
0.606,0.13371761316356212
0.6065,0.13350654139045554
0.607,0.1332957399857021
0.6075,0.13308520901286447
0.608,0.13287494853287646
0.6085,0.1326649586040571
0.609,0.13245523928212538
0.6095,0.13224579062021302
0.61,0.13203661266887973
0.6105,0.1318277054761266
0.611,0.13161906908741014
0.6115,0.1314107035456556
0.612,0.1312026088912719
0.6125,0.1309947851621643
0.613,0.13078723239374893
0.6135,0.1305799506189657
0.614,0.13037293986829285
0.6145,0.1301662001697596
0.615,0.12995973154896034
0.6155,0.12975353402906786
0.616,0.129547607630847
0.6165,0.12934195237266752
0.617,0.12913656827051806
0.6175,0.12893145533801897
0.618,0.12872661358643636
0.6185,0.12852204302469428
0.619,0.12831774365938836
0.6195,0.1281137154947991
0.62,0.12790995853290488
0.6205,0.12770647277339447
0.621,0.12750325821368103
0.6215,0.12730031484891388
0.622,0.12709764267199225
0.6225,0.12689524167357785
0.623,0.12669311184210785
0.6235,0.12649125316380677
0.624,0.12628966562270083
0.6245,0.12608834920062853
0.625,0.12588730387725544
0.6255000000000001,0.12568652963008495
0.626,0.125486026434472
0.6265000000000001,0.12528579426363495
0.627,0.12508583308866816
0.6275000000000001,0.12488614287855432
0.628,0.12468672360017764
0.6285000000000001,0.124487575218334
0.629,0.12428869769574573
0.6295000000000001,0.12409009099307228
0.63,0.12389175506892275
0.6305000000000001,0.12369368987986841
0.631,0.12349589538045383
0.6315000000000001,0.12329837152320972
0.632,0.12310111825866497
0.6325000000000001,0.12290413553535823
0.633,0.12270742329984938
0.6335000000000001,0.12251098149673247
0.634,0.1223148100686467
0.6345000000000001,0.12211890895628832
0.635,0.12192327809842277
0.6355000000000001,0.12172791743189568
0.636,0.12153282689164503
0.6365000000000001,0.12133800641071243
0.637,0.121143455920255
0.6375000000000001,0.12094917534955625
0.638,0.12075516462603866
0.6385000000000001,0.12056142367527345
0.639,0.12036795242099343
0.6395000000000001,0.12017475078510384
0.64,0.11998181868769299
0.6405,0.11978915604704447
0.641,0.11959676277964768
0.6415,0.11940463880020952
0.642,0.11921278402166463
0.6425,0.11902119835518765
0.643,0.11882988171020287
0.6435,0.11863883399439647
0.644,0.11844805511372675
0.6445,0.11825754497243511
0.645,0.11806730347305666
0.6455,0.11787733051643151
0.646,0.11768762600171571
0.6465,0.11749818982639126
0.647,0.11730902188627693
0.6475,0.1171201220755389
0.648,0.11693149028670252
0.6485,0.11674312641066026
0.649,0.1165550303366851
0.6495,0.11636720195243955
0.65,0.11617964114398528
0.6505,0.11599234779579537
0.651,0.11580532179076339
0.6515,0.11561856301021363
0.652,0.11543207133391234
0.6525,0.115245846640077
0.653,0.11505988880538678
0.6535,0.11487419770499295
0.654,0.11468877321252813
0.6545,0.11450361520011748
0.655,0.11431872353838772
0.6555,0.1141340980964784
0.656,0.1139497387420496
0.6565,0.11376564534129383
0.657,0.11358181775894527
0.6575,0.11339825585828935
0.658,0.11321495950117264
0.6585,0.11303192854801225
0.659,0.1128491628578065
0.6595,0.11266666228814337
0.66,0.11248442669521012
0.6605,0.11230245593380461
0.661,0.11212074985734224
0.6615,0.11193930831786766
0.662,0.11175813116606234
0.6625,0.11157721825125567
0.663,0.11139656942143297
0.6635,0.11121618452324611
0.664,0.11103606340202113
0.6645,0.11085620590176867
0.665,0.11067661186519326
0.6655,0.11049728113370166
0.666,0.11031821354741256
0.6665,0.11013940894516577
0.667,0.10996086716453024
0.6675,0.10978258804181475
0.668,0.10960457141207555
0.6685,0.10942681710912533
0.669,0.109249324965543
0.6695,0.10907209481268189
0.67,0.10889512648067826
0.6705,0.10871841979846111
0.671,0.10854197459375994
0.6715,0.10836579069311343
0.672,0.10818986792187923
0.6725,0.1080142061042412
0.673,0.10783880506321894
0.6735,0.10766366462067559
0.674,0.1074887845973268
0.6745,0.10731416481274988
0.675,0.10713980508539028
0.6755,0.1069657052325721
0.676,0.10679186507050527
0.6765,0.10661828441429377
0.677,0.10644496307794481
0.6775,0.10627190087437619
0.678,0.10609909761542477
0.6785,0.10592655311185531
0.679,0.10575426717336742
0.6795,0.1055822396086046
0.68,0.10541047022516122
0.6805,0.1052389588295928
0.681,0.10506770522742101
0.6815,0.1048967092231437
0.682,0.10472597062024258
0.6825,0.10455548922118985
0.683,0.10438526482745764
0.6835,0.10421529723952541
0.684,0.10404558625688626
0.6845,0.10387613167805712
0.685,0.10370693330058406
0.6855,0.10353799092105198
0.686,0.10336930433509134
0.6865,0.10320087333738495
0.687,0.10303269772167674
0.6875,0.10286477728077972
0.6880000000000001,0.10269711180658112
0.6885,0.10252970109005297
0.6890000000000001,0.10236254492125653
0.6895,0.10219564308935228
0.6900000000000001,0.10202899538260539
0.6905,0.1018626015883938
0.6910000000000001,0.10169646149321554
0.6915,0.10153057488269635
0.6920000000000001,0.10136494154159585
0.6925,0.10119956125381543
0.6930000000000001,0.1010344338024054
0.6935,0.10086955896957256
0.6940000000000001,0.1007049365366853
0.6945,0.10054056628428376
0.6950000000000001,0.10037644799208423
0.6955,0.10021258143898717
0.6960000000000001,0.10004896640308455
0.6965,0.0998856026616656
0.6970000000000001,0.09972248999122517
0.6975,0.09955962816746901
0.6980000000000001,0.09939701696532238
0.6985,0.09923465615893493
0.6990000000000001,0.09907254552168923
0.6995,0.09891068482620584
0.7000000000000001,0.09874907384435144
0.7005,0.09858771234724492
0.7010000000000001,0.09842660010526305
0.7015,0.09826573688804954
0.7020000000000001,0.09810512246451862
0.7025,0.09794475660286404
0.7030000000000001,0.09778463907056377
0.7035,0.09762476963438782
0.704,0.0974651480604038
0.7045,0.0973057741139839
0.705,0.09714664755981087
0.7055,0.0969877681618844
0.706,0.09682913568352759
0.7065,0.09667074988739369
0.707,0.09651261053547085
0.7075,0.09635471738909021
0.708,0.09619707020893126
0.7085,0.09603966875502723
0.709,0.09588251278677246
0.7095,0.09572560206292835
0.71,0.0955689363416283
0.7105,0.09541251538038492
0.711,0.09525633893609617
0.7115,0.09510040676504986
0.712,0.09494471862293137
0.7125,0.0947892742648287
0.713,0.09463407344523778
0.7135,0.09447911591806966
0.714,0.09432440143665574
0.7145,0.09416992975375321
0.715,0.09401570062155121
0.7155,0.09386171379167652
0.716,0.09370796901519936
0.7165,0.09355446604263896
0.717,0.09340120462396895
0.7175,0.09324818450862392
0.718,0.09309540544550383
0.7185,0.09294286718298031
0.719,0.09279056946890252
0.7195,0.09263851205060147
0.72,0.09248669467489645
0.7205,0.09233511708810066
0.721,0.09218377903602593
0.7215,0.0920326802639886
0.722,0.0918818205168148
0.7225,0.09173119953884569
0.723,0.09158081707394274
0.7235,0.09143067286549345
0.724,0.09128076665641618
0.7245,0.09113109818916548
0.725,0.09098166720573769
0.7255,0.09083247344767546
0.726,0.09068351665607331
0.7265,0.09053479657158281
0.727,0.0903863129344176
0.7275,0.09023806548435827
0.728,0.09009005396075803
0.7285,0.08994227810254715
0.729,0.0897947376482379
0.7295,0.08964743233592973
0.73,0.08950036190331498
0.7305,0.0893535260876821
0.731,0.08920692462592243
0.7315,0.08906055725453321
0.732,0.08891442370962435
0.7325,0.08876852372692172
0.733,0.08862285704177292
0.7335,0.08847742338915122
0.734,0.0883322225036608
0.7345,0.08818725411954181
0.735,0.08804251797067426
0.7355,0.08789801379058346
0.736,0.08775374131244375
0.7365,0.08760970026908428
0.737,0.08746589039299277
0.7375,0.08732231141631992
0.738,0.08717896307088516
0.7385,0.08703584508817946
0.739,0.08689295719937164
0.7395,0.08675029913531124
0.74,0.08660787062653397
0.7405,0.08646567140326575
0.741,0.08632370119542712
0.7415,0.08618195973263773
0.742,0.08604044674422098
0.7425,0.08589916195920738
0.743,0.08575810510634024
0.7435,0.0856172759140785
0.744,0.08547667411060242
0.7445,0.08533629942381646
0.745,0.08519615158135435
0.7455,0.08505623031058321
0.746,0.08491653533860771
0.7465,0.08477706639227336
0.747,0.08463782319817215
0.7475,0.08449880548264552
0.748,0.08436001297178886
0.7485,0.08422144539145493
0.749,0.08408310246725936
0.7495,0.0839449839245831
0.75,0.08380708948857697
0.7505000000000001,0.08366941888416587
0.751,0.0835319718360529
0.7515000000000001,0.08339474806872232
0.752,0.08325774730644428
0.7525000000000001,0.08312096927327833
0.753,0.08298441369307796
0.7535000000000001,0.08284808028949295
0.754,0.08271196878597467
0.7545000000000001,0.08257607890577964
0.755,0.08244041037197196
0.7555000000000001,0.08230496290742921
0.756,0.08216973623484417
0.7565000000000001,0.08203473007672937
0.757,0.08189994415542182
0.7575000000000001,0.08176537819308431
0.758,0.08163103191171119
0.7585000000000001,0.08149690503313073
0.759,0.08136299727900946
0.7595000000000001,0.08122930837085554
0.76,0.08109583803002177
0.7605000000000001,0.08096258597770993
0.761,0.08082955193497393
0.7615000000000001,0.08069673562272332
0.762,0.08056413676172655
0.7625000000000001,0.08043175507261523
0.763,0.08029959027588605
0.7635000000000001,0.08016764209190602
0.764,0.08003591024091453
0.7645000000000001,0.07990439444302726
0.765,0.0797730944182396
0.7655000000000001,0.07964200988642953
0.766,0.07951114056736164
0.7665000000000001,0.07938048618068985
0.767,0.07925004644596065
0.7675000000000001,0.07911982108261698
0.768,0.07898980981000085
0.7685,0.07886001234735675
0.769,0.07873042841383517
0.7695,0.07860105772849513
0.77,0.07847190001030807
0.7705,0.07834295497816046
0.771,0.07821422235085673
0.7715,0.07808570184712374
0.772,0.07795739318561208
0.7725,0.07782929608489997
0.773,0.0777014102634968
0.7735,0.0775737354398451
0.774,0.0774462713323242
0.7745,0.07731901765925386
0.775,0.07719197413889535
0.7755,0.07706514048945662
0.776,0.07693851642909354
0.7765,0.07681210167591382
0.777,0.07668589594797971
0.7775,0.07655989896331021
0.778,0.0764341104398851
0.7785,0.07630853009564713
0.779,0.07618315764850439
0.7795,0.07605799281633452
0.78,0.07593303531698609
0.7805,0.07580828486828173
0.781,0.07568374118802218
0.7815,0.07555940399398656
0.782,0.07543527300393794
0.7825,0.07531134793562336
0.783,0.07518762850677872
0.7835,0.07506411443513053
0.784,0.07494080543839778
0.7845,0.07481770123429657
0.785,0.0746948015405409
0.7855,0.074572106074846
0.786,0.07444961455493082
0.7865,0.07432732669852135
0.787,0.07420524222335177
0.7875,0.0740833608471684
0.788,0.07396168228773095
0.7885,0.07384020626281634
0.789,0.07371893249022035
0.7895,0.07359786068776011
0.79,0.07347699057327693
0.7905,0.07335632186463889
0.791,0.07323585427974261
0.7915,0.07311558753651598
0.792,0.07299552135292108
0.7925,0.07287565544695596
0.793,0.07275598953665705
0.7935,0.07263652334010179
0.794,0.07251725657541094
0.7945,0.07239818896075101
0.795,0.07227932021433583
0.7955,0.07216065005442984
0.796,0.07204217819935003
0.7965,0.07192390436746812
0.797,0.07180582827721259
0.7975,0.0716879496470712
0.798,0.07157026819559334
0.7985,0.07145278364139251
0.799,0.071335495703147
0.7995,0.0712184040996044
0.8,0.07110150854958183
0.8005,0.07098480877196878
0.801,0.07086830448572971
0.8015,0.07075199540990551
0.802,0.07063588126361567
0.8025,0.07051996176606096
0.803,0.07040423663652487
0.8035,0.07028870559437611
0.804,0.07017336835906976
0.8045,0.07005822465015138
0.805,0.0699432741872564
0.8055,0.06982851669011408
0.806,0.06971395187854862
0.8065,0.06959957947248188
0.807,0.06948539919193383
0.8075,0.06937141075702677
0.808,0.0692576138879849
0.8085,0.06914400830513842
0.809,0.0690305937289236
0.8095,0.068917369879886
0.81,0.06880433647868159
0.8105,0.06869149324607933
0.811,0.06857883990296205
0.8115,0.06846637617032958
0.812,0.06835410176929885
0.8125,0.06824201642110816
0.8130000000000001,0.06813011984711655
0.8135,0.06801841176880688
0.8140000000000001,0.06790689190778723
0.8145,0.06779555998579381
0.8150000000000001,0.06768441572469032
0.8155,0.06757345884647209
0.8160000000000001,0.06746268907326661
0.8165,0.06735210612733536
0.8170000000000001,0.06724170973107613
0.8175,0.06713149960702375
0.8180000000000001,0.06702147547785273
0.8185,0.0669116370663781
0.8190000000000001,0.06680198409555801
0.8195,0.06669251628849428
0.8200000000000001,0.066583233368435
0.8205,0.06647413505877595
0.8210000000000001,0.06636522108306159
0.8215,0.06625649116498733
0.8220000000000001,0.06614794502840138
0.8225,0.06603958239730506
0.8230000000000001,0.06593140299585588
0.8235,0.06582340654836805
0.8240000000000001,0.06571559277931471
0.8245,0.0656079614133287
0.8250000000000001,0.06550051217520492
0.8255,0.0653932447899016
0.8260000000000001,0.0652861589825412
0.8265,0.06517925447841273
0.8270000000000001,0.0650725310029729
0.8275,0.06496598828184738
0.8280000000000001,0.06485962604083229
0.8285,0.06475344400589653
0.8290000000000001,0.06464744190318142
0.8295,0.06454161945900411
0.8300000000000001,0.06443597639985787
0.8305,0.06433051245241345
0.8310000000000001,0.06422522734352083
0.8315,0.06412012080021083
0.8320000000000001,0.06401519254969548
0.8325,0.063910442319371
0.833,0.06380586983681737
0.8335,0.06370147482980089
0.834,0.06359725702627526
0.8345,0.06349321615438257
0.835,0.06338935194245464
0.8355,0.06328566411901511
0.836,0.0631821524127796
0.8365,0.06307881655265739
0.837,0.06297565626775357
0.8375,0.06287267128736858
0.838,0.06276986134100114
0.8385,0.06266722615834841
0.839,0.06256476546930766
0.8395,0.06246247900397753
0.84,0.06236036649265866
0.8405,0.062258427665856056
0.841,0.06215666225427898
0.8415,0.062055069988843095
0.842,0.061953650600670734
0.8425,0.06185240382109328
0.843,0.06175132938165122
0.8435,0.06165042701409586
0.844,0.06154969645039
0.8445,0.06144913742270955
0.845,0.061348749663444585
0.8455,0.061248532905200145
0.846,0.061148486880797506
0.8465,0.06104861132327495
0.847,0.06094890596589011
0.8475,0.060849370542118864
0.848,0.06075000478565824
0.8485,0.06065080843042696
0.849,0.06055178121056601
0.8495,0.060452922860440336
0.85,0.060354233114639236
0.8505,0.06025571170797765
0.851,0.06015735837549768
0.8515,0.06005917285246881
0.852,0.0599611548743889
0.8525,0.059863304176985946
0.853,0.059765620496218474
0.8535,0.05966810356827633
0.854,0.059570753129582245
0.8545,0.05947356891679212
0.855,0.059376550666796424
0.8555,0.05927969811672107
0.856,0.05918301100392809
0.8565,0.05908648906601685
0.857,0.05899013204082476
0.8575,0.058893939666428086
0.858,0.058797911681143275
0.8585,0.05870204782352701
0.859,0.058606347832378294
0.8595,0.05851081144673802
0.86,0.05841543840589067
0.8605,0.058320228449365255
0.861,0.05822518131693512
0.8615,0.05813029674862003
0.862,0.058035574484686485
0.8625,0.05794101426564781
0.863,0.057846615832266426
0.8635,0.057752378925553675
0.864,0.05765830328677036
0.8645,0.0575643886574289
0.865,0.05747063477929211
0.8655,0.057377041394376015
0.866,0.05728360824494916
0.8665,0.05719033507353374
0.867,0.057097221622906896
0.8675,0.05700426763610085
0.868,0.056911472856403494
0.8685,0.056818837027360146
0.869,0.056726359892772936
0.8695,0.05663404119670233
0.87,0.05654188068346792
0.8705,0.05644987809764847
0.871,0.05635803318408328
0.8715,0.05626634568787246
0.872,0.05617481535437784
0.8725,0.056083441929223606
0.873,0.055992225158296376
0.8735,0.05590116478774686
0.874,0.05581026056399012
0.8745,0.05571951223370564
0.875,0.05562891954383886
0.8755000000000001,0.05553848224160128
0.876,0.05544820007447077
0.8765000000000001,0.05535807279019364
0.877,0.05526810013678289
0.8775000000000001,0.05517828186252102
0.878,0.05508861771595942
0.8785000000000001,0.05499910744591958
0.879,0.05490975080149289
0.8795000000000001,0.05482054753204199
0.88,0.05473149738720115
0.8805000000000001,0.05464260011687645
0.881,0.054553855471246915
0.8815000000000001,0.054465263200764336
0.882,0.05437682305615502
0.8825000000000001,0.054288534788418635
0.883,0.05420039814883031
0.8835000000000001,0.0541124128889402
0.884,0.05402457876057451
0.8845000000000001,0.053936895515835886
0.885,0.05384936290710344
0.8855000000000001,0.053761980687034264
0.886,0.05367474860856283
0.8865000000000001,0.053587666424902314
0.887,0.053500733889544495
0.8875000000000001,0.053413950756260695
0.888,0.05332731677910195
0.8885000000000001,0.05324083171239988
0.889,0.05315449531076602
0.8895000000000001,0.053068307329094004
0.89,0.052982267522558635
0.8905000000000001,0.052896375646616825
0.891,0.05281063145700842
0.8915000000000001,0.05272503470975573
0.892,0.05263958516116428
0.8925000000000001,0.05255428256782427
0.893,0.05246912668660905
0.8935000000000001,0.05238411727467762
0.894,0.05229925408947331
0.8945000000000001,0.052214536888725016
0.895,0.05212996543044765
0.8955000000000001,0.0520455394729423
0.896,0.051961258774796515
0.8965,0.05187712309488491
0.897,0.05179313219236954
0.8975,0.051709285826699966
0.898,0.05162558375761379
0.8985,0.051542025745137596
0.899,0.05145861154958599
0.8995,0.05137534093156318
0.9,0.051292213651962945
0.9005,0.05120922947196871
0.901,0.05112638815305348
0.9015,0.05104368945698193
0.902,0.05096113314580843
0.9025,0.05087871898187914
0.903,0.050796446727831304
0.9035,0.050714316146594135
0.904,0.0506323270013884
0.9045,0.05055047905572774
0.905,0.05046877207341819
0.9055,0.05038720581855855
0.906,0.05030578005554126
0.9065,0.05022449454905155
0.907,0.05014334906406891
0.9075,0.05006234336586687
0.908,0.049981477220012484
0.9085,0.049900750392368534
0.909,0.04982016264909149
0.9095,0.049739713756633594
0.91,0.049659403481741825
0.9105,0.049579231591459036
0.911,0.049499197853124045
0.9115,0.04941930203437066
0.912,0.04933954390313046
0.9125,0.04925992322762997
0.913,0.04918043977639318
0.9135,0.04910109331824084
0.914,0.04902188362229071
0.9145,0.04894281045795798
0.915,0.04886387359495494
0.9155,0.04878507280329204
0.916,0.048706407853277275
0.9165,0.04862787851551724
0.917,0.048549484560915825
0.9175,0.04847122576067643
0.918,0.048393101886300235
0.9185,0.04831511270958777
0.919,0.04823725800263806
0.9195,0.04815953753784967
0.92,0.048081951087920155
0.9205,0.04800449842584681
0.921,0.04792717932492606
0.9215,0.04784999355875447
0.922,0.04777294090122837
0.9225,0.04769602112654389
0.923,0.047619234009197736
0.9235,0.04754257932398662
0.924,0.04746605684600775
0.9245,0.0473896663506589
0.925,0.04731340761363852
0.9255,0.04723728041094567
0.926,0.047161284518880645
0.9265,0.04708541971404436
0.927,0.047009685773339166
0.9275,0.04693408247396857
0.928,0.046858609593437274
0.9285,0.04678326690955174
0.929,0.04670805420041935
0.9295,0.04663297124444958
0.93,0.04655801782035342
0.9305,0.0464831937071436
0.931,0.04640849868413471
0.9315,0.04633393253094334
0.932,0.04625949502748781
0.9325,0.046185185953989
0.933,0.04611100509096945
0.9335,0.046036952219253996
0.934,0.045963027119969996
0.9345,0.045889229574546594
0.935,0.04581555936471554
0.9355,0.04574201627251134
0.936,0.0456686000802702
0.9365,0.0455953105706313
0.937,0.04552214752653627
0.9375,0.04544911073122945
0.9380000000000001,0.04537619996825746
0.9385,0.04530341502146927
0.9390000000000001,0.045230755675017484
0.9395,0.0451582217133565
0.9400000000000001,0.045085812921243425
0.9405,0.04501352908373864
0.9410000000000001,0.044941369986204766
0.9415,0.044869335414307
0.9420000000000001,0.04479742515401378
0.9425,0.04472563899159594
0.9430000000000001,0.04465397671362703
0.9435,0.04458243810698373
0.9440000000000001,0.044511022958844626
0.9445,0.044439731056692
0.9450000000000001,0.04436856218831009
0.9455,0.04429751614178594
0.9460000000000001,0.04422659270550987
0.9465,0.04415579166817388
0.9470000000000001,0.04408511281877353
0.9475,0.04401455594660634
0.9480000000000001,0.04394412084127279
0.9485,0.043873807292675635
0.9490000000000001,0.04380361509102039
0.9495,0.04373354402681466
0.9500000000000001,0.04366359389086914
0.9505,0.04359376447429609
0.9510000000000001,0.04352405556851094
0.9515,0.04345446696523089
0.9520000000000001,0.04338499845647552
0.9525,0.043315649834566684
0.9530000000000001,0.04324642089212832
0.9535,0.04317731142208655
0.9540000000000001,0.04310832121766929
0.9545,0.04303945007240677
0.9550000000000001,0.04297069778013088
0.9555,0.04290206413497534
0.9560000000000001,0.04283354893137578
0.9565,0.04276515196406931
0.9570000000000001,0.042696873028094835
0.9575,0.04262871191879289
0.9580000000000001,0.04256066843180513
0.9585,0.04249274236307488
0.9590000000000001,0.04242493350884666
0.9595,0.04235724166566602
0.96,0.04228966663038007
0.9605,0.04222220820013628
0.961,0.042154866172383905
0.9615,0.04208764034487206
0.962,0.04202053051565133
0.9625,0.041953536483072706
0.963,0.041886658045787506
0.9635,0.04181989500274795
0.964,0.04175324715320604
0.9645,0.04168671429671406
0.965,0.04162029623312474
0.9655,0.041553992762590544
0.966,0.041487803685563776
0.9665,0.04142172880279639
0.967,0.04135576791534038
0.9675,0.041289920824546654
0.968,0.041224187332065954
0.9685,0.0411585672398479
0.969,0.041093060350141694
0.9695,0.04102766646549488
0.97,0.040962385388754366
0.9705,0.04089721692306558
0.971,0.04083216087187251
0.9715,0.04076721703891782
0.972,0.04070238522824176
0.9725,0.04063766524418368
0.973,0.040573056891380216
0.9735,0.0405085599747663
0.974,0.040444174299574184
0.9745,0.04037989967133411
0.975,0.0403157358958731
0.9755,0.040251682779316025
0.976,0.040187740128084584
0.9765,0.04012390774889739
0.977,0.04006018544876985
0.9775,0.03999657303501414
0.978,0.03993307031523842
0.9785,0.03986967709734769
0.979,0.03980639318954264
0.9795,0.03974321840031991
0.98,0.039680152538472326
0.9805,0.03961719541308778
0.981,0.03955434683354975
0.9815,0.03949160660953731
0.982,0.03942897455102394
0.9825,0.03936645046827859
0.983,0.03930403417186451
0.9835,0.03924172547263935
0.984,0.039179524181755854
0.9845,0.0391174301106602
0.985,0.03905544307109249
0.9855,0.03899356287508701
0.986,0.038931789334971434
0.9865,0.03887012226336652
0.987,0.03880856147318684
0.9875,0.03874710677763922
0.988,0.03868575799022382
0.9885,0.03862451492473305
0.989,0.038563377395252035
0.9895,0.03850234521615777
0.99,0.03844141820211937
0.9905,0.03838059616809762
0.991,0.03831987892934509
0.9915,0.0382592663014055
0.992,0.03819875810011367
0.9925,0.03813835414159548
0.993,0.03807805424226761
0.9935,0.03801785821883698
0.994,0.03795776588830112
0.9945,0.03789777706794732
0.995,0.03783789157535286
0.9955,0.037778109228384864
0.996,0.037718429845199394
0.9965,0.0376588532442422
0.997,0.03759937924424754
0.9975,0.03754000766423865
0.998,0.03748073832352741
0.9985,0.03742157104171375
0.999,0.03736250563868602
0.9995,0.03730354193461951
1.0,0.037244679749977964
